﻿Designator,Quantity,Value,Footprint,Package,MPN,DNP,Mount_Type,Description,DigiKey,Note,SA2120,Alt Value,Toby,Mouser,alt
"C1, C25, C38, C39, C43, C45, C58, C68, C69, C8",10,0.01uF,C_Disc_D4.3mm_W1.9mm_P5.00mm,,,,tht,"Unpolarized capacitor, small symbol","[C8]BC2662CT-ND; [C68,C69]BC1101CT-ND",,,,,,
"C10, C11, C28, C37",4,4.7uF,CP_Radial_D5.0mm_P2.50mm,,,,tht,"Polarized capacitor, small symbol",478-8984-1-ND,,,,,,
"C12, C14, C15, C16, C17, C18, C19, C2, C20, C21, C27, C4, C50, C51, C52, C53, C54, C55, C56, C57",20,0.1uF,C_Disc_D4.3mm_W1.9mm_P5.00mm,,,,tht,"Unpolarized capacitor, small symbol",BC1101CT-ND,,,,,,
"C13, C35, C42",3,10uF,CP_Radial_D5.0mm_P2.50mm,,,,tht,"Polarized capacitor, small symbol",732-8593-1-ND,,,,,,
"C22, C36",2,100uF,CP_Radial_D6.3mm_P2.50mm,,,,tht,"Polarized capacitor, small symbol",732-8598-1-ND,,,,,,
"C23, C29",2,1uF,CP_Radial_D5.0mm_P2.50mm,,,,tht,"Polarized capacitor, small symbol",732-8966-1-ND,,,,,,
C24,1,47uF,CP_Radial_D5.0mm_P2.50mm,,,,tht,"Polarized capacitor, small symbol",478-8984-1-ND,,,,,,
C26,1,2.2nF,C_Disc_D3.0mm_W2.0mm_P2.50mm,,,,tht,"Unpolarized capacitor, small symbol",BC1074CT-ND,,,,,,
"C3, C41, C5, C59",4,33pF,C_Disc_D3.0mm_W2.0mm_P2.50mm,,,,tht,"Unpolarized capacitor, small symbol",BC1007CT-ND,,,,,,
"C30, C31, C32, C33, C44",5,22nF,C_Disc_D5.0mm_W2.5mm_P5.00mm,,,,tht,"Unpolarized capacitor, small symbol",BC2677CT-ND,,,,,,
C34,1,330pF,C_Disc_D3.0mm_W2.0mm_P2.50mm,,,,tht,"Unpolarized capacitor, small symbol",BC1045CT-ND,,,,,,
"C40, C48, C49, C9",4,22pF,C_Disc_D3.0mm_W2.0mm_P2.50mm,,,,tht,"Unpolarized capacitor, small symbol",399-13930-1-ND,,,,,,
"C46, C71",2,180pF,C_Disc_D3.0mm_W2.0mm_P2.50mm,,,,tht,"Unpolarized capacitor, small symbol",BC1016CT-ND,,,,,,
C47,1,100pF,C_Disc_D3.0mm_W2.0mm_P2.50mm,,,,tht,"Unpolarized capacitor, small symbol",399-C316C101J5G5TA7303CT-ND,,,,,,
C6,1,4.7pF,C_Disc_D3.0mm_W2.0mm_P2.50mm,,,,tht,"Unpolarized capacitor, small symbol",445-180473-1-ND,,,,,,
C7,1,2-22pF,Trimmer-7.5mm,,,,tht,Differential variable capacitor with two stators,,,,,,,
"D1, D2, D3, D4, D5, D6, D7, D8, D9",9,1N914,D_DO-35_SOD27_P7.62mm_Horizontal,,,,tht,"[D7,D8,D9]Diode, small symbol, filled shape; [D4,D5,D6]100V 0.3A Small Signal Fast Switching Diode, DO-35",1N914FS-ND,,,,,,
"IC1, IC2, IC3, IC4, IC5, IC6, IC7, IC8",8,HYB4116,DIP-16_W7.62mm,,,,tht,,,use general 4164 with suitable timing,Sheet 1,,,,
IC10,1,2318,DIP-8_W7.62mm,,,,tht,,MCP6281-E/P-ND,donor only but MCP6281E is alt (ref on digikey),,,,,
IC11,1,MC14053,DIP-16_W7.62mm,,,,tht,,296-2059-ND,obsolete use CD4053B,,,,,
IC12,1,MC6847,DIP-40_W15.24mm,,,,tht,,,donor,Sheet 1,,,,
IC13,1,74LS273N,DIP-20_W7.62mm,,,,tht,"8-bit D Flip-Flop, reset",296-1657-5-ND,,Sheet 1,,,,
IC14,1,74LS86AN,DIP-14_W7.62mm,,,,tht,Quad 2-input XOR,296-1669-5-ND,,,,,,
IC15,1,MC6883,DIP-40_W15.24mm,,,,tht,SN74LS783N (SAM),,donor,Sheet 1,SN74LS783N,,,
"IC16, IC24",2,74LS244N,DIP-20_W7.62mm,,,,tht,"Octal Buffer and Line Driver With 3-State Output, active-low enables, non-inverting outputs",296-1653-5-ND,,Sheet 1,,,,
"IC17, IC18",2,68A364,DIP-24_W15.24mm,,,,tht,,,donor only,Sheet 1,,,,
IC19,1,MC6809E,DIP-40_W15.24mm,,,,tht,"8-Bit Microprocessing unit 1.0MHz, DIP-40",,donor,Sheet 1,,,,
IC20,1,MC14529B,DIP-16_W7.62mm,,,,tht,,CD4529BCN-ND,"obsolete, use donor",,,,,
IC21,1,74LS123N,DIP-16_W7.62mm,,,,tht,Dual retriggerable Monostable,296-1636-5-ND,,,,,,
IC22,1,74LS00N,DIP-14_W7.62mm,,,,tht,quad 2-input NAND gate,296-1626-ND,,,,,,
IC23,1,74ALS74N,DIP-14_W7.62mm,,,,tht,"Dual D Flip-flop, Set & Reset",296-1506-5-ND,"LS74 no longer produced, ALS or HCT instead",,,,,
IC25,1,LM393P,DIP-8_W7.62mm,,,,tht,"Low-Power, Low-Offset Voltage, Dual Comparators, DIP-8/SOIC-8/TO-99-8",296-1398-5-ND,,,,,,
"IC26, IC35",2,MC6821,DIP-40_W15.24mm,,,,tht,,2156-MC6821CS-2156-ND,donor is preferable,,,,,
IC27,1,74LS20N,DIP-14_W7.62mm,,,,tht,Dual 4-input NAND,296-3670-5-ND,,,,,,
"IC28, IC29",2,74LS393N,DIP-14_W7.62mm,,,,tht,Dual BCD 4-bit counter,296-1665-5-ND,,,,,,
IC30,1,74LS32N,DIP-14_W7.62mm,,,,tht,Quad 2-input OR,296-1658-5-ND,,,,,,
IC31,1,74LS02N,DIP-14_W7.62mm,,,,tht,quad 2-input NOR gate,296-1627-5-ND,,,,,,
IC32,1,74LS390,DIP-16_W7.62mm,,,,tht,Dual BCD 4-bit counter,296-26516-5-ND,,,,,,
IC33,1,74LS138N,DIP-16_W7.62mm,,,,tht,Decoder 3 to 8 active low outputs,296-1639-5-ND,,Sheet 1,,,,
IC34,1,MC14050BCP,DIP-16_W7.62mm,,,,tht,,296-2056-ND,obsolete use CD4050B or convert MC14050BDG,,,,,
IC9,1,LM1889N,DIP-18_W7.62mm,,,,tht,,,donor / NOS,,,,,
JP1-2,1,1 low,PinHeader_1x03_P2.54mm_Vertical,,,,tht,"Jumper, 3-pole, pins 1+2 closed/bridged",952-2521-ND,,,,,,
JP11-12,1,printer/comms,PinHeader_1x03_P2.54mm_Vertical,,,,tht,"Jumper, 3-pole, pins 1+2 closed/bridged",,,,,,,
JP13-14,1,32k/64k,PinHeader_1x03_P2.54mm_Vertical,,,,tht,"Jumper, 3-pole, pins 1+2 closed/bridged",,,,,,,
JP15/16,1,CLK,SolderJumper-3_P1.3mm_Bridged12_Pad1.0x1.5mm,,,,tht,"3-pole Solder Jumper, pins 1+2 closed/bridged",,,,,,,
JP17/18,1,~{HS},SolderJumper-3_P1.3mm_Bridged12_Pad1.0x1.5mm,,,,tht,"3-pole Solder Jumper, pins 1+2 closed/bridged",,,,,,,
"JP3-4, JP5-6, JP7-8, JP9-10",4,16k/32k,PinHeader_1x03_P2.54mm_Vertical,,,,tht,"Jumper, 3-pole, pins 1+2 closed/bridged",,,,,,,
"L1, L2, L3, L4",4,3.3uH,L_Axial_L7.0mm_D3.3mm_P10.16mm_Horizontal_Fastron_MICC,,,,tht,"Ferrite bead, small symbol",495-5561-1-ND,,,,,,
PL1,1,Dragon Keyboard,PinHeader_1x16_P2.54mm_Vertical,,,,tht,"Generic connector, single row, 01x16, script generated (kicad-library-utils/schlib/autogen/connector/)",952-2521-ND,,,,,,
PL2,1,Printer,IDC-Header_2x10-1MP_P2.54mm_Latch_Horizontal,,,,tht,"Generic connector, double row, 02x10, top/bottom pin numbering scheme (row 1: 1...pins_per_row, row2: pins_per_row+1 ... num_pins), script generated (kicad-library-utils/schlib/autogen/connector/)",CHR20G-ND,or 1195-1707-ND with latches,,,,,
PL3,1,DIN-6 J/S R,DIN-6_DELTRON_671-0601_Horizontal,,,,tht,6-pin DIN connector,,RS Components,,,,,
PL4,1,DIN-5 (180) Cassette,DIN-5_DELTRON_671-0501_45deg_Horizontal,,,,tht,5-pin DIN connector (5-pin DIN-5 stereo),,RS Components,,,,,
PL5,1,DIN-6 J/S L,DIN-6_DELTRON_671-0601_Horizontal,,,,tht,6-pin DIN connector,,RS Components,,,,,
PL6,1,Power Board Interconnect,Molex_KK-396_A-41791-0009_1x09_P3.96mm_Vertical,,,,tht,"Generic connector, single row, 01x09, script generated (kicad-library-utils/schlib/autogen/connector/)",2057-LHD-09-TS-ND,,,,WH396-09S-010,,
PL7,1,EDAC 392-040-558-201,Edge_2x20_P2.54mm_OvalMP,,,,tht,"Generic connector, single row, 01x40, script generated (kicad-library-utils/schlib/autogen/connector/)",151-395-040-558-201-ND,,,,,587-395-040-558-201,
PL8,1,video,PinHeader_1x02_P2.54mm_Vertical,,,,tht,"Generic connector, single row, 01x02, script generated",,,,,,,
PL9,1,CoCo Keyboard,PinHeader_1x16_P2.54mm_Vertical,,,,tht,"Generic connector, single row, 01x16, script generated (kicad-library-utils/schlib/autogen/connector/)",952-2521-ND,,,,,,
R1,1,100R,R_Axial_DIN0207_L6.3mm_D2.5mm_P10.16mm_Horizontal,,,,tht,"Resistor, small symbol",CF14JT100RCT-ND,,,,,,
"R10, R11, R65",3,2K7,R_Axial_DIN0207_L6.3mm_D2.5mm_P10.16mm_Horizontal,,,,tht,"Resistor, small symbol",CF14JT2K70CT-ND,,,,,,
"R12, R19, R20, R21, R22, R23, R24, R25, R26, R27, R28",11,22R,R_Axial_DIN0207_L6.3mm_D2.5mm_P10.16mm_Horizontal,,,,tht,"Resistor, small symbol",CF14JT22R0CT-ND,,,,,,
"R13, R14, R30, R31, R32, R38, R39, R40, R41, R63",10,4K7,R_Axial_DIN0207_L6.3mm_D2.5mm_P10.16mm_Horizontal,,,,tht,"Resistor, small symbol",CF14JT4K70CT-ND,,,,,,
"R15, R36, R64",3,100K,R_Axial_DIN0207_L6.3mm_D2.5mm_P10.16mm_Horizontal,,,,tht,"[R15,R36]Resistor; [R64]Resistor, small symbol",CF14JT100KCT-ND,,,,,,
R16,1,33K,R_Axial_DIN0207_L6.3mm_D2.5mm_P10.16mm_Horizontal,,,,tht,"Resistor, small symbol",CF14JT33K0CT-ND,,,,,,
"R17, R18, R42, R43, R55, R56",6,10K,R_Axial_DIN0207_L6.3mm_D2.5mm_P10.16mm_Horizontal,,,,tht,"Resistor, small symbol",CF14JT10K0CT-ND,,,,,,
"R2, R49, R5, R54, R6",5,1K,R_Axial_DIN0207_L6.3mm_D2.5mm_P10.16mm_Horizontal,,,,tht,"Resistor, small symbol",CF14JT1K00CT-ND,,,,,,
R29,1,68K,R_Axial_DIN0207_L6.3mm_D2.5mm_P10.16mm_Horizontal,,,,tht,"Resistor, small symbol",CF14JT68K0CT-ND,,,,,,
"R3, R68",2,5K6,R_Axial_DIN0207_L6.3mm_D2.5mm_P10.16mm_Horizontal,,,,tht,"Resistor, small symbol",CF14JT5K60CT-ND,,,,,,
R33,1,1K8,R_Axial_DIN0207_L6.3mm_D2.5mm_P10.16mm_Horizontal,,,,tht,"Resistor, small symbol",CF14JT3K30CT-ND,,,,,,2K7
"R34, R47",2,8K2,R_Axial_DIN0207_L6.3mm_D2.5mm_P10.16mm_Horizontal,,,,tht,"Resistor, small symbol",[R34]CF14JT6K80CT-ND; [R47]CF14JT8K20CT-ND,,,,,,20K
R35,1,12K,R_Axial_DIN0207_L6.3mm_D2.5mm_P10.16mm_Horizontal,,,,tht,"Resistor, small symbol",CF14JT15K0CT-ND,,,,,,
"R37, R66",2,1K5,R_Axial_DIN0207_L6.3mm_D2.5mm_P10.16mm_Horizontal,,,,tht,"Resistor, small symbol",CF14JT1K50CT-ND,,,,,,
R4,1,3K3,R_Axial_DIN0207_L6.3mm_D2.5mm_P10.16mm_Horizontal,,,,tht,"Resistor, small symbol",CF14JT3K30CT-ND,,,,,,
R44,1,27K,R_Axial_DIN0207_L6.3mm_D2.5mm_P10.16mm_Horizontal,,,,tht,"Resistor, small symbol",CF14JT27K0CT-ND,,,,,,
R45,1,6K8,R_Axial_DIN0207_L6.3mm_D2.5mm_P10.16mm_Horizontal,,,,tht,"Resistor, small symbol",CF14JT6K80CT-ND,,,,,,
R46,1,220R,R_Axial_DIN0207_L6.3mm_D2.5mm_P10.16mm_Horizontal,,,,tht,"Resistor, small symbol",CF14JT220RCT-ND,,,,,,
R48,1,15K,R_Axial_DIN0207_L6.3mm_D2.5mm_P10.16mm_Horizontal,,,,tht,"Resistor, small symbol",CF14JT15K0CT-ND,,,,,,
"R50, R52",2,56K,R_Axial_DIN0207_L6.3mm_D2.5mm_P10.16mm_Horizontal,,,,tht,"Resistor, small symbol",CF14JT56K0CT-ND,,,,,,
R51,1,1M5,R_Axial_DIN0207_L6.3mm_D2.5mm_P10.16mm_Horizontal,,,,tht,"Resistor, small symbol",CF14JT1M50CT-ND,,,,,,
R53,1,10M,R_Axial_DIN0207_L6.3mm_D2.5mm_P10.16mm_Horizontal,,,,tht,"Resistor, small symbol",CF14JT10M0CT-ND,,,,,,
R57,1,20K 1%,R_Axial_DIN0207_L6.3mm_D2.5mm_P10.16mm_Horizontal,,,,tht,"Resistor, small symbol",RNF14FTD20K0CT-ND,,,,,,
R58,1,80K6 1%,R_Axial_DIN0207_L6.3mm_D2.5mm_P10.16mm_Horizontal,,,,tht,"Resistor, small symbol",RNF14FTD80K6CT-ND,,,,,,
R59,1,160K 1%,R_Axial_DIN0207_L6.3mm_D2.5mm_P10.16mm_Horizontal,,,,tht,"Resistor, small symbol",S160CACT-ND,,,,,,
R60,1,330K 1%,R_Axial_DIN0207_L6.3mm_D2.5mm_P10.16mm_Horizontal,,,,tht,"Resistor, small symbol",S330KCACT-ND,,,,,,
R61,1,40K2 1%,R_Axial_DIN0207_L6.3mm_D2.5mm_P10.16mm_Horizontal,,,,tht,"Resistor, small symbol",RNF14FTD41K2CT-ND,40K2 not availalbe from digikey in 1% tolerance,,,,,
R62,1,10K 1%,R_Axial_DIN0207_L6.3mm_D2.5mm_P10.16mm_Horizontal,,,,tht,"Resistor, small symbol",RNF14FTD10K0CT-ND,,,,,,
R67,1,1K2,R_Axial_DIN0207_L6.3mm_D2.5mm_P10.16mm_Horizontal,,,,tht,"Resistor, small symbol",CF14JT1K20CT-ND,,,,,,
R69,1,330R,R_Axial_DIN0207_L6.3mm_D2.5mm_P10.16mm_Horizontal,,,,tht,"Resistor, small symbol",CF14JT330RCT-ND,,,,,,
R7,1,22K,R_Axial_DIN0207_L6.3mm_D2.5mm_P10.16mm_Horizontal,,,,tht,"Resistor, small symbol",CF14JT22K0CT-ND,,,,,,
R76,1,10R,R_Axial_DIN0207_L6.3mm_D2.5mm_P10.16mm_Horizontal,,,,tht,"Resistor, small symbol",CF14JT10R0CT-ND,,,,,,
"R8, R9",2,270R,R_Axial_DIN0207_L6.3mm_D2.5mm_P10.16mm_Horizontal,,,,tht,"Resistor, small symbol",CF14JT270RCT-ND,,,,,,
RL1,1,OJS HM FORM A,OJS HM 10A Relay,,,,tht,"Panasonic, 8A/16A, Small Polarized Latching Power Relays, Single coil, 1 Form A","41-OJS-SH-105HMF,00000-ND",,,,,,
RV1,1,10K,Potentiometer_Bourns_3386X_Horizontal,,,,tht,Potentiometer,3386H-103LF-ND,,,,,,
RV3,1,470R,Potentiometer_Bourns_3386X_Horizontal,,,,tht,Potentiometer,3386H-103LF-ND,,,,,,
SW1,1,RESET,Button_AlpsAlpine_SPUN190900,,,,tht,"Momentary Switch, dual pole double throw",401-1225-ND,,,,,,
TR1,1,BC141,TO-92_Inline_Wide,,,,tht,"1A Ic, 60V Vce, NPN Transistor, TO-39",SS8050DTACT-ND,do NOT use KSD1616AYTA instead,,,,,
"TR2, TR3",2,2N4401,TO-92_Inline,,,,tht,"1A Ic, 60V Vce, NPN Transistor, TO-39",2N4401D26ZCT-ND,,,,,,
TR4,1,2N3906,TO-92_Inline,,,,tht,"-0.2A Ic, -40V Vce, Small Signal PNP Transistor, TO-92",2N3906D26ZCT-ND,,,,,,
XL1,1,4.433619MHz,Crystal_HC49-U_Horizontal,,,,tht,"Two pin crystal, small symbol",1923-830003099B-ND,,,,,,
XL2,1,14.31818MHz,Crystal_HC49-U_Horizontal,,,,tht,"Two pin crystal, small symbol",CTX088-ND,,,,,,
