﻿pos_x,pos_y,rotation,side,designator,mpn,pack,footprint,value,mount_type
87.8332,-47.264,-90.0,top,C1,,,C_Disc_D4.3mm_W1.9mm_P5.00mm,0.01uF,tht
151.5872,-52.642888,-90.0,top,C10,,,CP_Radial_D5.0mm_P2.50mm,4.7uF,tht
202.0457,-54.1528,0.0,top,C11,,,CP_Radial_D5.0mm_P2.50mm,4.7uF,tht
199.5824,-58.6232,0.0,top,C12,,,C_Disc_D4.3mm_W1.9mm_P5.00mm,0.1uF,tht
202.0316,-63.1952,0.0,top,C13,,,CP_Radial_D5.0mm_P2.50mm,10uF,tht
210.8092,-37.6936,0.0,top,C14,,,C_Disc_D4.3mm_W1.9mm_P5.00mm,0.1uF,tht
223.1536,-37.6786,0.0,top,C15,,,C_Disc_D4.3mm_W1.9mm_P5.00mm,0.1uF,tht
235.9552,-37.6786,0.0,top,C16,,,C_Disc_D4.3mm_W1.9mm_P5.00mm,0.1uF,tht
248.4012,-37.6936,0.0,top,C17,,,C_Disc_D4.3mm_W1.9mm_P5.00mm,0.1uF,tht
261.3044,-37.6936,0.0,top,C18,,,C_Disc_D4.3mm_W1.9mm_P5.00mm,0.1uF,tht
273.8012,-37.6936,0.0,top,C19,,,C_Disc_D4.3mm_W1.9mm_P5.00mm,0.1uF,tht
92.075,-47.264,-90.0,top,C2,,,C_Disc_D4.3mm_W1.9mm_P5.00mm,0.1uF,tht
286.6028,-37.6428,0.0,top,C20,,,C_Disc_D4.3mm_W1.9mm_P5.00mm,0.1uF,tht
299.252,-37.6786,0.0,top,C21,,,C_Disc_D4.3mm_W1.9mm_P5.00mm,0.1uF,tht
285.75,-69.596,0.0,top,C22,,,CP_Radial_D6.3mm_P2.50mm,100uF,tht
299.085,-69.9121,90.0,top,C23,,,CP_Radial_D5.0mm_P2.50mm,1uF,tht
117.6528,-64.4652,-90.0,top,C24,,,CP_Radial_D5.0mm_P2.50mm,47uF,tht
127.7728,-75.5396,180.0,top,C25,,,C_Disc_D4.3mm_W1.9mm_P5.00mm,0.01uF,tht
96.266,-89.2864,90.0,top,C26,,,C_Disc_D3.0mm_W2.0mm_P2.50mm,2.2nF,tht
112.6236,-90.5256,180.0,top,C27,,,C_Disc_D4.3mm_W1.9mm_P5.00mm,0.1uF,tht
118.5672,-80.6055,90.0,top,C28,,,CP_Radial_D5.0mm_P2.50mm,4.7uF,tht
118.72,-84.914888,-90.0,top,C29,,,CP_Radial_D5.0mm_P2.50mm,1uF,tht
95.25,-49.764,90.0,top,C3,,,C_Disc_D3.0mm_W2.0mm_P2.50mm,33pF,tht
92.1912,-125.4252,0.0,top,C30,,,C_Disc_D5.0mm_W2.5mm_P5.00mm,22nF,tht
92.1912,-128.4732,0.0,top,C31,,,C_Disc_D5.0mm_W2.5mm_P5.00mm,22nF,tht
92.1912,-131.5212,0.0,top,C32,,,C_Disc_D5.0mm_W2.5mm_P5.00mm,22nF,tht
92.1912,-134.5692,0.0,top,C33,,,C_Disc_D5.0mm_W2.5mm_P5.00mm,22nF,tht
119.888,-143.276,-90.0,top,C34,,,C_Disc_D3.0mm_W2.0mm_P2.50mm,330pF,tht
122.174,-154.305,-90.0,top,C35,,,CP_Radial_D5.0mm_P2.50mm,10uF,tht
137.922,-125.4944,90.0,top,C36,,,CP_Radial_D6.3mm_P2.50mm,100uF,tht
166.7623,-124.3076,180.0,top,C37,,,CP_Radial_D5.0mm_P2.50mm,4.7uF,tht
169.6104,-148.082,0.0,top,C38,,,C_Disc_D4.3mm_W1.9mm_P5.00mm,0.01uF,tht
169.6612,-151.7396,0.0,top,C39,,,C_Disc_D4.3mm_W1.9mm_P5.00mm,0.01uF,tht
116.3828,-36.068,180.0,top,C4,,,C_Disc_D4.3mm_W1.9mm_P5.00mm,0.1uF,tht
184.531,-122.956,-90.0,top,C40,,,C_Disc_D3.0mm_W2.0mm_P2.50mm,22pF,tht
189.992,-122.956,-90.0,top,C41,,,C_Disc_D3.0mm_W2.0mm_P2.50mm,33pF,tht
299.212,-183.706888,-90.0,top,C42,,,CP_Radial_D5.0mm_P2.50mm,10uF,tht
108.1532,-162.4076,180.0,top,C43,,,C_Disc_D4.3mm_W1.9mm_P5.00mm,0.01uF,tht
96.266,-107.656,90.0,top,C44,,,C_Disc_D5.0mm_W2.5mm_P5.00mm,22nF,tht
178.348,-189.484,0.0,top,C45,,,C_Disc_D4.3mm_W1.9mm_P5.00mm,0.01uF,tht
230.164,-178.562,0.0,top,C46,,,C_Disc_D3.0mm_W2.0mm_P2.50mm,180pF,tht
230.164,-181.356,0.0,top,C47,,,C_Disc_D3.0mm_W2.0mm_P2.50mm,100pF,tht
249.443,-184.409,0.0,top,C48,,,C_Disc_D3.0mm_W2.0mm_P2.50mm,22pF,tht
135.255,-73.045,-90.0,top,C49,,,C_Disc_D3.0mm_W2.0mm_P2.50mm,22pF,tht
118.384,-54.5592,0.0,top,C5,,,C_Disc_D3.0mm_W2.0mm_P2.50mm,33pF,tht
215.3012,-61.6712,180.0,top,C50,,,C_Disc_D4.3mm_W1.9mm_P5.00mm,0.1uF,tht
228.0012,-61.6712,180.0,top,C51,,,C_Disc_D4.3mm_W1.9mm_P5.00mm,0.1uF,tht
240.9552,-61.722,180.0,top,C52,,,C_Disc_D4.3mm_W1.9mm_P5.00mm,0.1uF,tht
253.5028,-61.722,180.0,top,C53,,,C_Disc_D4.3mm_W1.9mm_P5.00mm,0.1uF,tht
266.2536,-61.722,180.0,top,C54,,,C_Disc_D4.3mm_W1.9mm_P5.00mm,0.1uF,tht
278.9536,-61.6712,180.0,top,C55,,,C_Disc_D4.3mm_W1.9mm_P5.00mm,0.1uF,tht
291.7044,-61.6712,180.0,top,C56,,,C_Disc_D4.3mm_W1.9mm_P5.00mm,0.1uF,tht
304.3536,-61.6712,180.0,top,C57,,,C_Disc_D4.3mm_W1.9mm_P5.00mm,0.1uF,tht
308.102,-41.3004,90.0,top,C58,,,C_Disc_D4.3mm_W1.9mm_P5.00mm,0.01uF,tht
308.102,-56.0016,-90.0,top,C59,,,C_Disc_D3.0mm_W2.0mm_P2.50mm,33pF,tht
119.4508,-59.1312,0.0,top,C6,,,C_Disc_D3.0mm_W2.0mm_P2.50mm,4.7pF,tht
169.6612,-157.988,0.0,top,C68,,,C_Disc_D4.3mm_W1.9mm_P5.00mm,0.01uF,tht
169.6104,-161.6456,0.0,top,C69,,,C_Disc_D4.3mm_W1.9mm_P5.00mm,0.01uF,tht
127.6096,-54.7624,0.0,top,C7,,,Trimmer-7.5mm,2-22pF,tht
231.521,-170.454,-90.0,top,C71,,,C_Disc_D3.0mm_W2.0mm_P2.50mm,180pF,tht
138.6224,-59.3344,0.0,top,C8,,,C_Disc_D4.3mm_W1.9mm_P5.00mm,0.01uF,tht
147.614,-59.309,0.0,top,C9,,,C_Disc_D3.0mm_W2.0mm_P2.50mm,22pF,tht
106.553,-121.031,0.0,top,D1,,,D_DO-35_SOD27_P7.62mm_Horizontal,1N914,tht
106.553,-123.698,0.0,top,D2,,,D_DO-35_SOD27_P7.62mm_Horizontal,1N914,tht
106.553,-126.365,0.0,top,D3,,,D_DO-35_SOD27_P7.62mm_Horizontal,1N914,tht
147.193,-120.904,0.0,top,D4,,,D_DO-35_SOD27_P7.62mm_Horizontal,1N914,tht
147.193,-123.571,0.0,top,D5,,,D_DO-35_SOD27_P7.62mm_Horizontal,1N914,tht
154.813,-126.238,180.0,top,D6,,,D_DO-35_SOD27_P7.62mm_Horizontal,1N914,tht
144.78,-160.655,0.0,top,D7,,,D_DO-35_SOD27_P7.62mm_Horizontal,1N914,tht
116.967,-141.478,-90.0,top,D8,,,D_DO-35_SOD27_P7.62mm_Horizontal,1N914,tht
116.967,-151.257,-90.0,top,D9,,,D_DO-35_SOD27_P7.62mm_Horizontal,1N914,tht
216.652,-58.5066,180.0,top,IC1,,,DIP-16_W7.62mm,HYB4116,tht
122.311,-63.51,0.0,top,IC10,,,DIP-8_W7.62mm,2318,tht
124.343,-96.027,0.0,top,IC11,,,DIP-16_W7.62mm,MC14053,tht
140.33,-65.41,0.0,top,IC12,,,DIP-40_W15.24mm,MC6847,tht
162.824,-65.156,0.0,top,IC13,,,DIP-20_W7.62mm,74LS273N,tht
162.814,-98.293,0.0,top,IC14,,,DIP-14_W7.62mm,74LS86AN,tht
193.299,-113.538,180.0,top,IC15,,,DIP-40_W15.24mm,MC6883,tht
257.424,-67.5486,-90.0,top,IC16,,,DIP-20_W7.62mm,74LS244N,tht
246.634,-113.538,180.0,top,IC17,,,DIP-24_W15.24mm,68A364,tht
269.24,-113.538,180.0,top,IC18,,,DIP-24_W15.24mm,68A364,tht
278.638,-75.946,0.0,top,IC19,,,DIP-40_W15.24mm,MC6809E,tht
229.352,-58.5066,180.0,top,IC2,,,DIP-16_W7.62mm,HYB4116,tht
102.743,-139.065,0.0,top,IC20,,,DIP-16_W7.62mm,MC14529B,tht
126.502,-138.938,0.0,top,IC21,,,DIP-16_W7.62mm,74LS123N,tht
141.996,-138.933,0.0,top,IC22,,,DIP-14_W7.62mm,74LS00N,tht
157.49,-138.933,0.0,top,IC23,,,DIP-14_W7.62mm,74ALS74N,tht
103.124,-165.354,0.0,top,IC24,,,DIP-20_W7.62mm,74LS244N,tht
145.552,-170.444,0.0,top,IC25,,,DIP-8_W7.62mm,LM393P,tht
178.171,-136.408,0.0,top,IC26,,,DIP-40_W15.24mm,MC6821,tht
203.195,-138.816,0.0,top,IC27,,,DIP-14_W7.62mm,74LS20N,tht
203.078,-169.164,0.0,top,IC28,,,DIP-14_W7.62mm,74LS393N,tht
218.689,-138.816,0.0,top,IC29,,,DIP-14_W7.62mm,74LS393N,tht
242.179,-58.5066,180.0,top,IC3,,,DIP-16_W7.62mm,HYB4116,tht
218.699,-169.164,0.0,top,IC30,,,DIP-14_W7.62mm,74LS32N,tht
233.929,-138.943,0.0,top,IC31,,,DIP-14_W7.62mm,74LS02N,tht
236.479,-166.644,0.0,top,IC32,,,DIP-16_W7.62mm,74LS390,tht
248.915,-136.276,0.0,top,IC33,,,DIP-16_W7.62mm,74LS138N,tht
264.028,-136.276,0.0,top,IC34,,,DIP-16_W7.62mm,MC14050BCP,tht
279.395,-136.276,0.0,top,IC35,,,DIP-40_W15.24mm,MC6821,tht
254.879,-58.5066,180.0,top,IC4,,,DIP-16_W7.62mm,HYB4116,tht
267.579,-58.5066,180.0,top,IC5,,,DIP-16_W7.62mm,HYB4116,tht
280.279,-58.5066,180.0,top,IC6,,,DIP-16_W7.62mm,HYB4116,tht
292.979,-58.5066,180.0,top,IC7,,,DIP-16_W7.62mm,HYB4116,tht
305.679,-58.5066,180.0,top,IC8,,,DIP-16_W7.62mm,HYB4116,tht
104.785,-59.446,0.0,top,IC9,,,DIP-18_W7.62mm,LM1889N,tht
165.989,-51.45,0.0,top,JP1-2,,,PinHeader_1x03_P2.54mm_Vertical,1 low,tht
267.462,-122.555,0.0,top,JP11-12,,,PinHeader_1x03_P2.54mm_Vertical,printer/comms,tht
241.427,-131.318,-90.0,top,JP13-14,,,PinHeader_1x03_P2.54mm_Vertical,32k/64k,tht
170.18,-51.45,0.0,top,JP3-4,,,PinHeader_1x03_P2.54mm_Vertical,16k/32k,tht
174.371,-51.45,0.0,top,JP5-6,,,PinHeader_1x03_P2.54mm_Vertical,16k/32k,tht
178.562,-51.45,0.0,top,JP7-8,,,PinHeader_1x03_P2.54mm_Vertical,16k/32k,tht
182.626,-51.435,0.0,top,JP9-10,,,PinHeader_1x03_P2.54mm_Vertical,16k/32k,tht
96.139,-70.739,90.0,top,L1,,,L_Axial_L7.0mm_D3.3mm_P10.16mm_Horizontal_Fastron_MICC,3.3uH,tht
101.1428,-107.188,90.0,top,L2,,,L_Axial_L7.0mm_D3.3mm_P10.16mm_Horizontal_Fastron_MICC,3.3uH,tht
96.266,-120.396,90.0,top,L3,,,L_Axial_L7.0mm_D3.3mm_P10.16mm_Horizontal_Fastron_MICC,3.3uH,tht
101.473,-70.612,90.0,top,L4,,,L_Axial_L7.0mm_D3.3mm_P10.16mm_Horizontal_Fastron_MICC,3.3uH,tht
113.665,-189.992,90.0,top,PL1,,,PinHeader_1x16_P2.54mm_Vertical,Dragon Keyboard,tht
86.6526,-175.6026,180.0,top,PL2,,,IDC-Header_2x10-1MP_P2.54mm_Latch_Horizontal,Printer,tht
86.5328,-114.688,0.0,top,PL3,,,DIN-6_DELTRON_671-0601_Horizontal,DIN-6 J/S R,tht
86.5328,-94.2501,0.0,top,PL4,,,DIN-5_DELTRON_671-0501_45deg_Horizontal,DIN-5 (180) Cassette,tht
86.5328,-73.7054,0.0,top,PL5,,,DIN-6_DELTRON_671-0601_Horizontal,DIN-6 J/S L,tht
180.813,-38.122,180.0,top,PL6,,,Molex_KK-396_A-41791-0009_1x09_P3.96mm_Vertical,Power Board Interconnect,tht
305.6636,-72.644,0.0,top,PL7,,,Edge_2x20_P2.54mm_OvalMP,EDAC 392-040-558-201,tht
137.282,-36.2712,90.0,top,PL8,,,PinHeader_1x02_P2.54mm_Vertical,video,tht
113.665,-193.675,90.0,top,PL9,,,PinHeader_1x16_P2.54mm_Vertical,CoCo Keyboard,tht
98.933,-54.61,0.0,top,R1,,,R_Axial_DIN0207_L6.3mm_D2.5mm_P10.16mm_Horizontal,100R,tht
201.422,-43.688,180.0,top,R10,,,R_Axial_DIN0207_L6.3mm_D2.5mm_P10.16mm_Horizontal,2K7,tht
156.464,-58.928,90.0,top,R11,,,R_Axial_DIN0207_L6.3mm_D2.5mm_P10.16mm_Horizontal,2K7,tht
178.562,-61.214,180.0,top,R12,,,R_Axial_DIN0207_L6.3mm_D2.5mm_P10.16mm_Horizontal,22R,tht
264.541,-74.676,0.0,top,R13,,,R_Axial_DIN0207_L6.3mm_D2.5mm_P10.16mm_Horizontal,4K7,tht
274.701,-77.851,180.0,top,R14,,,R_Axial_DIN0207_L6.3mm_D2.5mm_P10.16mm_Horizontal,4K7,tht
297.18,-73.406,-90.0,top,R15,,,R_Axial_DIN0207_L6.3mm_D2.5mm_P10.16mm_Horizontal,100K,tht
96.266,-74.041,-90.0,top,R16,,,R_Axial_DIN0207_L6.3mm_D2.5mm_P10.16mm_Horizontal,33K,tht
133.35,-81.153,180.0,top,R17,,,R_Axial_DIN0207_L6.3mm_D2.5mm_P10.16mm_Horizontal,10K,tht
99.441,-74.041,-90.0,top,R18,,,R_Axial_DIN0207_L6.3mm_D2.5mm_P10.16mm_Horizontal,10K,tht
225.552,-70.612,-90.0,top,R19,,,R_Axial_DIN0207_L6.3mm_D2.5mm_P10.16mm_Horizontal,22R,tht
108.966,-41.021,0.0,top,R2,,,R_Axial_DIN0207_L6.3mm_D2.5mm_P10.16mm_Horizontal,1K,tht
222.504,-70.612,-90.0,top,R20,,,R_Axial_DIN0207_L6.3mm_D2.5mm_P10.16mm_Horizontal,22R,tht
228.6,-70.612,-90.0,top,R21,,,R_Axial_DIN0207_L6.3mm_D2.5mm_P10.16mm_Horizontal,22R,tht
219.456,-70.612,-90.0,top,R22,,,R_Axial_DIN0207_L6.3mm_D2.5mm_P10.16mm_Horizontal,22R,tht
216.408,-70.612,-90.0,top,R23,,,R_Axial_DIN0207_L6.3mm_D2.5mm_P10.16mm_Horizontal,22R,tht
213.36,-70.612,-90.0,top,R24,,,R_Axial_DIN0207_L6.3mm_D2.5mm_P10.16mm_Horizontal,22R,tht
210.312,-70.612,-90.0,top,R25,,,R_Axial_DIN0207_L6.3mm_D2.5mm_P10.16mm_Horizontal,22R,tht
201.168,-70.612,-90.0,top,R26,,,R_Axial_DIN0207_L6.3mm_D2.5mm_P10.16mm_Horizontal,22R,tht
204.216,-70.612,-90.0,top,R27,,,R_Axial_DIN0207_L6.3mm_D2.5mm_P10.16mm_Horizontal,22R,tht
207.264,-70.612,-90.0,top,R28,,,R_Axial_DIN0207_L6.3mm_D2.5mm_P10.16mm_Horizontal,22R,tht
100.838,-113.411,-90.0,top,R29,,,R_Axial_DIN0207_L6.3mm_D2.5mm_P10.16mm_Horizontal,68K,tht
108.966,-44.069,0.0,top,R3,,,R_Axial_DIN0207_L6.3mm_D2.5mm_P10.16mm_Horizontal,5K6,tht
114.046,-161.417,90.0,top,R30,,,R_Axial_DIN0207_L6.3mm_D2.5mm_P10.16mm_Horizontal,4K7,tht
114.046,-149.098,90.0,top,R31,,,R_Axial_DIN0207_L6.3mm_D2.5mm_P10.16mm_Horizontal,4K7,tht
128.651,-120.65,180.0,top,R32,,,R_Axial_DIN0207_L6.3mm_D2.5mm_P10.16mm_Horizontal,4K7,tht
128.651,-123.825,180.0,top,R33,,,R_Axial_DIN0207_L6.3mm_D2.5mm_P10.16mm_Horizontal,1K8,tht
128.651,-129.159,180.0,top,R34,,,R_Axial_DIN0207_L6.3mm_D2.5mm_P10.16mm_Horizontal,8K2,tht
128.651,-132.334,180.0,top,R35,,,R_Axial_DIN0207_L6.3mm_D2.5mm_P10.16mm_Horizontal,12K,tht
146.177,-129.159,0.0,top,R36,,,R_Axial_DIN0207_L6.3mm_D2.5mm_P10.16mm_Horizontal,100K,tht
197.358,-117.475,-90.0,top,R37,,,R_Axial_DIN0207_L6.3mm_D2.5mm_P10.16mm_Horizontal,1K5,tht
231.19,-123.203,0.0,top,R38,,,R_Axial_DIN0207_L6.3mm_D2.5mm_P10.16mm_Horizontal,4K7,tht
241.35,-126.378,180.0,top,R39,,,R_Axial_DIN0207_L6.3mm_D2.5mm_P10.16mm_Horizontal,4K7,tht
108.966,-48.26,0.0,top,R4,,,R_Axial_DIN0207_L6.3mm_D2.5mm_P10.16mm_Horizontal,3K3,tht
259.08,-123.19,180.0,top,R40,,,R_Axial_DIN0207_L6.3mm_D2.5mm_P10.16mm_Horizontal,4K7,tht
259.08,-126.365,180.0,top,R41,,,R_Axial_DIN0207_L6.3mm_D2.5mm_P10.16mm_Horizontal,4K7,tht
98.425,-142.367,-90.0,top,R42,,,R_Axial_DIN0207_L6.3mm_D2.5mm_P10.16mm_Horizontal,10K,tht
95.25,-142.367,-90.0,top,R43,,,R_Axial_DIN0207_L6.3mm_D2.5mm_P10.16mm_Horizontal,10K,tht
122.936,-139.065,-90.0,top,R44,,,R_Axial_DIN0207_L6.3mm_D2.5mm_P10.16mm_Horizontal,27K,tht
135.382,-164.211,0.0,top,R45,,,R_Axial_DIN0207_L6.3mm_D2.5mm_P10.16mm_Horizontal,6K8,tht
122.428,-178.181,90.0,top,R46,,,R_Axial_DIN0207_L6.3mm_D2.5mm_P10.16mm_Horizontal,220R,tht
125.603,-178.181,90.0,top,R47,,,R_Axial_DIN0207_L6.3mm_D2.5mm_P10.16mm_Horizontal,8K2,tht
128.778,-178.181,90.0,top,R48,,,R_Axial_DIN0207_L6.3mm_D2.5mm_P10.16mm_Horizontal,15K,tht
131.953,-168.021,-90.0,top,R49,,,R_Axial_DIN0207_L6.3mm_D2.5mm_P10.16mm_Horizontal,1K,tht
108.966,-51.308,0.0,top,R5,,,R_Axial_DIN0207_L6.3mm_D2.5mm_P10.16mm_Horizontal,1K,tht
135.128,-178.181,90.0,top,R50,,,R_Axial_DIN0207_L6.3mm_D2.5mm_P10.16mm_Horizontal,56K,tht
138.303,-178.181,90.0,top,R51,,,R_Axial_DIN0207_L6.3mm_D2.5mm_P10.16mm_Horizontal,1M5,tht
141.478,-178.181,90.0,top,R52,,,R_Axial_DIN0207_L6.3mm_D2.5mm_P10.16mm_Horizontal,56K,tht
157.099,-178.054,90.0,top,R53,,,R_Axial_DIN0207_L6.3mm_D2.5mm_P10.16mm_Horizontal,10M,tht
160.274,-167.894,-90.0,top,R54,,,R_Axial_DIN0207_L6.3mm_D2.5mm_P10.16mm_Horizontal,1K,tht
163.449,-178.054,90.0,top,R55,,,R_Axial_DIN0207_L6.3mm_D2.5mm_P10.16mm_Horizontal,10K,tht
250.058,-176.789,90.0,top,R56,,,R_Axial_DIN0207_L6.3mm_D2.5mm_P10.16mm_Horizontal,10K,tht
254.63,-177.932,90.0,top,R57,,,R_Axial_DIN0207_L6.3mm_D2.5mm_P10.16mm_Horizontal,20K 1%,tht
257.678,-177.932,90.0,top,R58,,,R_Axial_DIN0207_L6.3mm_D2.5mm_P10.16mm_Horizontal,80K6 1%,tht
260.726,-177.932,90.0,top,R59,,,R_Axial_DIN0207_L6.3mm_D2.5mm_P10.16mm_Horizontal,160K 1%,tht
134.874,-70.104,90.0,top,R6,,,R_Axial_DIN0207_L6.3mm_D2.5mm_P10.16mm_Horizontal,1K,tht
263.774,-177.932,90.0,top,R60,,,R_Axial_DIN0207_L6.3mm_D2.5mm_P10.16mm_Horizontal,330K 1%,tht
266.822,-177.932,90.0,top,R61,,,R_Axial_DIN0207_L6.3mm_D2.5mm_P10.16mm_Horizontal,40K2 1%,tht
269.87,-177.932,90.0,top,R62,,,R_Axial_DIN0207_L6.3mm_D2.5mm_P10.16mm_Horizontal,10K 1%,tht
272.923,-167.767,-90.0,top,R63,,,R_Axial_DIN0207_L6.3mm_D2.5mm_P10.16mm_Horizontal,4K7,tht
254.63,-184.409,0.0,top,R64,,,R_Axial_DIN0207_L6.3mm_D2.5mm_P10.16mm_Horizontal,100K,tht
140.97,-51.943,90.0,top,R65,,,R_Axial_DIN0207_L6.3mm_D2.5mm_P10.16mm_Horizontal,2K7,tht
308.3052,-43.5356,-90.0,top,R66,,,R_Axial_DIN0207_L6.3mm_D2.5mm_P10.16mm_Horizontal,1K5,tht
201.422,-36.576,180.0,top,R67,,,R_Axial_DIN0207_L6.3mm_D2.5mm_P10.16mm_Horizontal,1K2,tht
191.262,-40.132,0.0,top,R68,,,R_Axial_DIN0207_L6.3mm_D2.5mm_P10.16mm_Horizontal,5K6,tht
191.262,-46.99,0.0,top,R69,,,R_Axial_DIN0207_L6.3mm_D2.5mm_P10.16mm_Horizontal,330R,tht
137.287,-51.943,90.0,top,R7,,,R_Axial_DIN0207_L6.3mm_D2.5mm_P10.16mm_Horizontal,22K,tht
168.275,-45.974,0.0,top,R76,,,R_Axial_DIN0207_L6.3mm_D2.5mm_P10.16mm_Horizontal,10R,tht
144.526,-51.943,90.0,top,R8,,,R_Axial_DIN0207_L6.3mm_D2.5mm_P10.16mm_Horizontal,270R,tht
158.242,-46.1264,180.0,top,R9,,,R_Axial_DIN0207_L6.3mm_D2.5mm_P10.16mm_Horizontal,270R,tht
110.2982,-101.9556,90.0,top,RL1,,,OJS HM 10A Relay,OJS HM FORM A,tht
130.81,-86.868,-90.0,top,RV1,,,Potentiometer_Bourns_3386X_Horizontal,10K,tht
95.0468,-92.71,0.0,top,RV3,,,Potentiometer_Bourns_3386X_Horizontal,470R,tht
90.8867,-35.481,90.0,top,SW1,,,Button_AlpsAlpine_SPUN190900,RESET,tht
109.22,-116.184,0.0,top,TR1,,,TO-92_Inline_Wide,BC141,tht
187.558,-37.846,90.0,top,TR2,,,TO-92_Inline,2N4401,tht
187.558,-43.434,90.0,top,TR3,,,TO-92_Inline,2N4401,tht
186.838,-46.736,-90.0,top,TR4,,,TO-92_Inline,2N3906,tht
130.085,-47.655,180.0,top,XL1,,,Crystal_HC49-U_Horizontal,4.433619MHz,tht
204.567,-128.307,90.0,top,XL2,,,Crystal_HC49-U_Horizontal,14.31818MHz,tht
